,WeatherAthenryProcessed_wdsp^3_sim5,WeatherAthenryProcessed_glorad_sim5,WeatherFinnerProcessed_wdsp^3_sim5,WeatherFinnerProcessed_glorad_sim5
01-01,2354.776599714093,0.6428015860945309,3028.7967549382874,0.028763499886920566
01-02,941.1574138508884,0.3663577214035242,14937.63952540724,0.3700285761074643
01-03,231.75184390579906,0.8100821254453857,341.60375534591753,0.006295899617849239
01-04,733.6442809798731,0.3825172867389602,5514.205870325586,0.28089077569518883
01-05,1179.3143386687796,0.17284135547992346,3692.2536230783953,0.24649224222002675
01-06,92.8634645018315,0.24946450493754044,859.3173173577145,0.1047117297520528
01-07,1527.3251130449773,0.7885849135624368,49.232889784661126,0.8960053097650791
01-08,122.88665240927638,0.1934267171332405,963.4411781185039,0.046896657679999454
01-09,17.935065961494395,0.27385766426224717,333.0417358114278,0.038663545579236236
01-10,2679.04742627748,0.06193014709896354,146.8113323148399,0.4983876746669818
01-11,300.8382519507952,0.7857381154734868,7079.18015098853,0.6113814194522128
01-12,3708.4648819917925,0.3507858457279903,23.423093317308293,0.0061359029870459506
01-13,619.9647048420167,0.08943887159232174,1815.8696815627475,0.9876393280334523
01-14,405.3837847444241,0.9841505269393998,309.88028793390055,0.9972662597077621
01-15,429.53033459100493,0.0897471043441842,1273.1285143897333,0.5758514763751776
01-16,750.2804947402838,0.00034973670423361686,28.1936332503275,0.022589088435531333
01-17,119.38247024924983,0.8000271670926655,1817.4059043749096,0.6431630991906023
01-18,3.6782597969968647,0.14397149640530568,2140.755857588791,0.010039463100619024
01-19,3.3471748951713387,0.8565673182996489,1173.855829383625,0.8804799823865819
01-20,114.65860009784178,0.6613643563556049,15.771121940932725,0.07504854436184252
01-21,2306.0767575772566,0.5501922155136703,10679.661057734353,0.056204844008681705
01-22,421.2062226840867,0.36475032894946313,3072.344467992103,0.4197560410065324
01-23,0.026466161173390203,0.8940023860339517,499.02466882327326,0.35821613564316357
01-24,1.4562266981095113,0.7539821722145116,3071.2965160186036,0.19599396246614018
01-25,132.2104071242047,0.8859952352217533,687.7825962391216,0.000544944267232641
01-26,57.28633247490263,0.6666840442490416,6722.262456738845,0.7357608447798389
01-27,518.1301568354039,0.15700487352512366,1624.0130247594539,0.0809322686298567
01-28,743.2646019289239,0.17246814971489377,13.478569131271476,0.7706615347716375
01-29,100.14765338482495,0.9834671068237082,30305.568409614127,0.05310480728213575
01-30,188.4336473663134,0.14271567673019817,363.31596420909807,0.38476766839106064
01-31,1047.7005033049581,0.035754111989862856,974.8979816759634,0.06163521592649401
02-01,3397.698897205153,0.09838062069206219,10662.427254760365,0.002880196762936014
02-02,55.43278152303765,0.7259906646189732,3687.8267939849975,0.7058116290414563
02-03,602.2610707923888,0.0061554547045488866,316.5692210795639,0.7321924749511947
02-04,151.64018510299962,0.7779847670463608,4251.906746543334,0.7499151084652185
02-05,200.19845711049774,0.3411919052233274,562.0440083067613,0.5581556442498178
02-06,559.870982749059,0.026815370975065374,2091.1358229552866,0.7971841002218273
02-07,452.9457495323766,0.32809905105355136,1138.776345284048,0.011898452112211447
02-08,178.74771086478813,0.9923868467719089,2989.3629810701195,0.5213797549250144
02-09,279.9648308406345,0.9898125875831312,542.9996463183094,0.5666384619794849
02-10,218.58963889588395,0.05222544576647878,2416.3225398797294,0.3410982412494563
02-11,334.29720291750493,0.004920544171574163,7.0781870508719,0.9987545473546864
02-12,621.1632381408244,0.853812330154317,2126.584615628184,0.2866395850745524
02-13,410.9907213472516,0.04373528758444484,1171.0154694409646,0.16206519173324194
02-14,2602.420302010115,0.010386385764540467,743.2485584845231,0.544206951389491
02-15,565.6582333864981,0.046209364308005846,3438.653457288144,0.15199908010215932
02-16,1686.4000148959253,0.10583074555873395,2445.804109259366,0.8818637390857229
02-17,18.45138489784993,0.7672546055465307,1502.2712730441647,0.024681867026306717
02-18,27.43420905788196,0.7343174390920943,1823.6769115095021,0.39121572240948377
02-19,448.22868151256336,0.03424277429402454,3643.9783448773246,0.9226652388517635
02-20,912.3344472406717,0.8688992528609729,4938.08231324118,0.7790742291327166
02-21,633.2331321855269,0.05664262996020998,925.6018780688172,0.07510930504673946
02-22,2681.621550116133,0.17459178223006375,5941.99605551668,0.0009481639891883566
02-23,4389.468943657365,0.2910249541603269,433.0825397173662,0.19742430692414048
02-24,559.2941323706913,0.30380556894909416,3738.230162370147,0.9570275162690339
02-25,449.7053346321766,0.07058602219713639,802.4630010974367,0.1337826512393558
02-26,50.11705584373336,0.6979382397022499,6419.194596320686,0.4213825393491884
02-27,285.29887915201266,0.6230611238545998,1821.7412937837107,0.11524129747038656
02-28,555.4059031905641,0.030986726968689263,1937.7974760750312,0.11918567039972888
02-29,4852.265190103509,0.6764972117449138,660.6849024727331,0.015124003667960668
03-01,1077.2917454404937,0.9727274615057954,352.08518934637345,0.8941578086216672
03-02,768.2624296870381,0.3256818759901939,1804.6028598106907,0.6147551723123433
03-03,455.8350232430454,0.7530464453963794,2289.4725184735203,0.008754499156080332
03-04,85.35998931009179,0.08433557300001991,44.909504062607745,0.013020789403081393
03-05,69.75822414532212,0.6051210929184812,78.11513654217445,0.0007428685325446956
03-06,720.6544353587439,0.4610587191935937,1830.12320440722,0.6012768466399229
03-07,431.3475393078396,0.05341216359716619,676.1261974878968,0.5373185406479201
03-08,653.2046921910079,0.14484228625519285,4141.398677883306,0.4879017171261973
03-09,806.841880712965,0.06020981302246078,4659.094647857225,0.020617354088438438
03-10,14.90140956378051,0.7056000512525517,1237.671959979131,0.6733952332598386
03-11,20.057490408225807,0.7610846607588821,1053.0305055220574,0.47903057955381895
03-12,1461.9498260473792,0.9899201571658557,1222.1634045179921,0.9995852493079699
03-13,138.38000158935003,0.3516587919869408,1358.5664443337191,0.34486924274867486
03-14,197.4098667215611,0.6443275778246511,220.93597094422483,0.8674465646957213
03-15,424.3013363098331,0.3018358284377428,2159.956105139118,0.028672826905245228
03-16,35.497145794612855,0.43953986059447814,1691.6463686244788,0.5034892927017788
03-17,905.8843466936308,0.5914847531611568,3362.26284661571,0.8971720475453352
03-18,682.9990456816464,0.08614714439376202,616.8938530865156,0.0720271869791619
03-19,30.976897140967154,0.990182607054962,488.7890411675233,0.3063175343609033
03-20,464.04698968851346,0.9875555499312081,451.54463571636927,0.2802175342310052
03-21,748.3605758696974,0.06266447936299717,3318.691583330301,0.22385083073334078
03-22,4074.679250568903,0.9449691994146611,4021.118906903182,0.5187788225398687
03-23,53.778633399585935,0.9819765895500072,635.7174556394243,0.047126444191231534
03-24,14.246732530450682,0.10824693207785006,731.537463449158,0.16229219362055067
03-25,1112.3152815420228,0.34047888524880976,1088.2777036039602,0.023906461079897832
03-26,274.4369958748289,0.9281958983690075,69.65068662844982,0.2974359359714747
03-27,17.215298466349015,0.3371722472562605,174.64798781011723,0.9717037884241216
03-28,4496.547009463628,0.3134356610455947,1496.0344865538914,0.9973756020456435
03-29,197.9698777246966,0.381115646019456,89.0750470899744,0.2455599281925785
03-30,1664.2111227560424,0.9967987719595167,637.3739933814444,0.7553068844194794
03-31,1061.6385887187928,0.9994965515042779,176.74796731321715,0.7989132946904262
04-01,769.5491802956537,0.7441247318706207,2571.3393982406237,0.3072750684293008
04-02,611.9008046811838,0.013793806562213134,2642.604170864882,0.3375544504212475
04-03,3617.258443283485,0.8657813110655856,3193.975621893298,0.7801545619128475
04-04,521.8205201202609,0.005630145104874973,1406.491333666878,0.6934838288206185
04-05,1940.75773774184,0.9908729219718275,2135.930816919261,0.9730930923703052
04-06,2089.160854567137,0.8956407341238607,2161.0614632975758,0.9993897808297382
04-07,6.1290344230046605,0.3178251756679641,592.4095679220975,0.21730555051810582
04-08,359.9693778843158,0.01774496341084991,417.6789994141479,0.5282504181605397
04-09,48.349122148366725,0.6710282988220715,94.70501358252663,0.807025012441717
04-10,48.98893533587849,0.6177332640895566,1021.6960849642753,0.18375214967643919
04-11,262.10653862606296,0.00032711646966355253,271.38756868196833,0.13670357055317406
04-12,468.39414137396443,0.5164481020638562,2537.6425847468226,0.07974267509142738
04-13,732.188702162468,0.10803587587563737,4817.365851904504,0.3737320559910344
04-14,5113.537566655131,0.8187779869726284,103.47992894243595,0.01313889937703914
04-15,2229.0782460498117,0.06562318601249263,2385.1655888077216,0.9432470559982701
04-16,2895.9878194750786,0.19126892025022246,598.6789795952873,0.4336910163648511
04-17,583.9109772868488,0.006026101702918227,115.22533000541522,0.11120979326699987
04-18,394.3782251624215,0.10334633300453155,2514.2658156648604,0.2556157880377001
04-19,18.707249614800045,0.9770177315446521,521.6456218019775,0.6374898184467105
04-20,5.778026917265824,0.07992842381744719,1367.0715953678316,0.9663198977176738
04-21,1267.134387059222,0.43063338793331857,674.6902684482983,0.9998798874691807
04-22,586.8815410391481,0.2406648632199052,50.114826352841675,0.9998166692177882
04-23,121.15110259345997,0.8619946948619664,1964.7898814695545,0.7893545336982061
04-24,482.5883319839864,0.795896956287264,567.363285725123,0.33111003956060625
04-25,13.67277245651061,0.27655306944082275,1699.4034077425713,0.6981290299937678
04-26,360.3793532902813,0.12823168587116257,3063.5179449910397,0.40868196542418894
04-27,1570.4424929736929,0.2354678259983745,306.87555325175697,0.6915707966826667
04-28,1808.7067797751229,0.12094107414478203,4335.254569645712,0.010830853184728075
04-29,914.171455920718,0.5243790530725289,458.01205992682316,0.24456316569871364
04-30,14.112717733339087,0.2887028807126007,642.9644253654191,0.8741517919274154
05-01,364.1953146500254,0.16735799165584064,1673.6569501853928,0.11193911782639904
05-02,180.9627743289801,0.14431176291208608,1701.5886719739847,0.4148384907947856
05-03,286.19598643796735,0.8645549922579174,761.0007542263844,0.1777055849874918
05-04,1041.8431812443341,0.97702879888467,2297.651597224792,0.9894588171392354
05-05,529.0232039682388,0.9989101372576884,1063.960385897235,0.8128364046950379
05-06,71.45139066025241,0.9842130460224658,857.7978690104641,0.8795976936948199
05-07,214.64350431471283,0.007012269154685833,134.71309347387182,0.738794355809949
05-08,290.0206626631185,0.6879236384968829,486.41481831330657,0.0001276095965465302
05-09,1706.2491725362188,0.09903918669019177,665.2964611438513,0.2242241628158034
05-10,1057.598906057114,0.059435421860448166,7066.576918334546,0.9715004890710597
05-11,420.1732313832343,0.7509639242648526,565.9345511980877,0.9428214488489082
05-12,348.93780906816403,0.14352741657462265,159.87007668016582,0.08594738265209803
05-13,900.0165695266361,0.0003203982624428433,4331.463130839463,0.17329610507592738
05-14,171.6215666366233,0.03221913789808022,1102.4364646389004,0.009220188449618987
05-15,345.93277402485825,0.10526737709165028,441.7248433342388,0.6489097980983858
05-16,206.12682395622352,0.25239267178034946,1430.8533314040187,0.2886376978277391
05-17,109.44835148973308,0.7269024724435255,304.6766450208561,0.6396036213898022
05-18,790.4002504679094,0.1394954039740472,121.35708015170717,0.32066670818254694
05-19,377.60716701921547,0.7865760320826168,1516.3747187148572,0.16464014761148354
05-20,46.329142364848934,0.06592505344527293,455.28023078738823,0.9997443012894995
05-21,304.96251778396913,0.7109374489905055,440.52400485517916,0.042673199463689596
05-22,3765.1794210637054,0.04014638153487378,5910.01668361706,0.9106063756440275
05-23,20.674070148427976,0.025973209376049775,7.3287592425948365,0.79121194273916
05-24,171.70717791479242,0.6890970586983243,1671.6946131991892,0.003445966917503302
05-25,1647.2842358518226,0.9594980791269929,649.2319808588312,0.008770293852402435
05-26,1930.6181396504435,0.20243348804867115,341.5027547420097,0.9380745307517555
05-27,152.96749573950595,0.863248068635324,1875.8175207303054,0.11151003464150336
05-28,346.46416329445776,0.07149832716836872,4285.681109216605,0.29098587877598714
05-29,31.666888085112873,0.2626831927796621,99.6499285254331,0.24906750057622246
05-30,106.85083261640062,0.9317326187308408,757.0952850320713,0.9607531470103478
05-31,894.676745560853,0.9940048321254042,23.94358007849878,0.00017916273785113475
06-01,94.38632099504264,0.03043354856589071,0.17095163806623428,0.8312648949793986
06-02,4.786676811582166,0.37050390085409357,282.7262580864493,0.257757309098391
06-03,1369.035644847102,0.9910821388731358,1149.3668283652803,0.5115050295702528
06-04,287.8781918236258,0.8404747150370913,40.09611328038836,0.9705576438951401
06-05,1771.207650669452,0.2815327951361528,1079.222324299641,0.31966186410146763
06-06,192.97975262610126,0.9712919392239199,18689.985206221034,0.7998608499294322
06-07,446.27463273678876,0.936286126656218,1363.3864752767665,0.3186739580838187
06-08,614.8295600895599,0.13169600166270082,60.26050584884144,0.47281896775403826
06-09,67.93559740765414,0.5702826726777425,1029.3761879392953,0.2525044041101633
06-10,534.8828722369758,0.657352362281842,193.486716592105,0.5273763754281159
06-11,394.2444355195529,0.29459604085297364,3068.7686235143656,0.9799850026818046
06-12,226.03043227227954,0.5847832748732777,305.2286871490625,0.7247308369349338
06-13,189.29636592786616,0.27278043978311367,844.6613611614316,0.8705705816507231
06-14,228.9973885394821,0.08905105425561514,163.32413585344594,0.8656673606458675
06-15,155.04846778588512,0.2829977924112925,382.32456672493953,0.9036289106719505
06-16,556.8916006212005,0.8354911705855983,1089.4697246631688,0.6776113451668048
06-17,105.2744275192167,0.08002111527592319,756.912602042798,0.9515979975466731
06-18,112.30655372659935,0.1463739174408665,1310.3305146721762,0.8915636695058704
06-19,167.35999505925543,0.16979411773976658,949.9308080357326,0.7642512659785371
06-20,419.7870201733254,0.7442609799488344,187.63282973703014,0.9402833064615568
06-21,339.72627959332027,0.8642091377772859,2066.1444274358323,0.05192401271170257
06-22,778.9473877762046,0.7597100074999487,2334.7981207295243,0.595932163942939
06-23,162.7375614682197,0.30475609632268585,3930.0526075875664,0.8688936112749167
06-24,8.024189268306657,0.24161461504051998,113.8047143194621,0.29302363086574995
06-25,5.985364195391346,0.6282794940261852,1374.6731369463246,0.4694413853599997
06-26,139.85212903949156,0.42096074405181155,316.6522541682041,0.4880175503835042
06-27,487.04953966681524,0.17838772962364594,6307.681227594599,0.045956377425337515
06-28,563.7304127819983,0.2782332740083935,234.40539293675678,0.0003042120458384689
06-29,1402.4866862734514,0.5059273932405626,459.2757216947617,0.848241032071431
06-30,1307.1294708452908,0.8722557229285272,163.92840698302564,0.0005764558018081366
07-01,256.08121318470086,0.39694783450195786,965.6401711119838,0.018514573076446602
07-02,53.13180077315688,0.1084756293223647,702.4726258709067,0.4365645593197847
07-03,167.52178015358757,0.003683501295664214,88.67335972054798,0.7008658199225672
07-04,978.1034735410436,0.15577866048579905,2930.0408229902177,0.2993879501936057
07-05,195.02822171457564,0.12196370699888333,5406.799092048005,0.1809525984342721
07-06,277.93461020236504,0.8934844060086975,568.1545258572106,0.409841313614864
07-07,68.72576100020021,0.11596890651509785,342.2171664740114,0.09054356569766593
07-08,104.34578907234534,0.04217507570860309,2548.7745876681834,0.4045953013417274
07-09,164.31443411600824,0.42708289072287614,342.81679683383595,0.904744200940607
07-10,542.2667129927228,0.019899217394340123,201.00349443910318,0.1793612545929409
07-11,392.4166231178214,0.07894583785525708,839.7697371997815,0.9866664186190552
07-12,301.59943567477166,0.086530350880235,217.1021640878419,0.3230871605602628
07-13,87.7253175396158,0.1750287168257623,130.97440748894758,0.10628938409502182
07-14,224.78281192317792,0.010169668858931256,1759.9661513770686,0.9897711448600661
07-15,50.85250167159853,0.483436436090535,1082.3834719639533,0.5243702545050447
07-16,8.203101402083211,0.6448306585894813,585.0084476785568,0.015086926038634294
07-17,502.4657099104935,0.9996532009041772,759.4786845794499,0.3019724721335263
07-18,46.172989411412,0.6193396317506399,4462.078509910363,0.9360850032275267
07-19,265.198242123861,0.3974165142515258,855.5275333463901,0.4210902284580972
07-20,168.01233023120474,0.3273608347564039,559.2601417080816,0.32635538151423904
07-21,373.0113775967411,0.017922553823760647,332.6155817133166,0.6383455957817509
07-22,37.77196556565185,0.05774643936142586,929.8764240903603,0.7283970971093141
07-23,223.7284285183036,0.8049216657850228,689.0637542027699,0.9983874420785361
07-24,89.16180755700496,0.9795314764122578,54.63013568775197,0.005124479653062753
07-25,574.9668096210758,0.011552839913989305,631.6909854801034,0.01976319185307239
07-26,682.8560061062004,0.6795427533951919,130.5105774118795,0.017148945133972984
07-27,493.14385413780985,0.5600740059194245,5097.376270929034,0.3011841009303473
07-28,276.84210997053725,0.025817450660926267,2057.4258115938405,0.4382140974682054
07-29,402.814551958173,0.0017030193587185185,2272.641232567315,0.148795519513176
07-30,74.48558462027987,0.7595707980291411,89.92858665868594,0.9191237777461997
07-31,89.77481168564263,0.5041211854567675,2777.275601220547,0.536387536018763
08-01,193.359631141102,0.013566662560855963,185.50542961498655,0.8496447340920606
08-02,136.49189197093065,0.6990987753487202,33.26058073520778,0.5527068382910875
08-03,443.1935949673553,0.041204767484330655,2877.8890991888447,0.9241463272024728
08-04,32.43366312146687,0.07320840821611693,38.61406881829128,0.7008047799129806
08-05,480.90287212525834,0.70824096290147,324.4149974248575,0.01547573792756271
08-06,138.43402245706255,0.11674166853814355,792.9771942655408,0.46872309244948535
08-07,1282.3402662687004,0.9067170803120183,1371.415959978138,0.9782897212109579
08-08,107.23472496863182,0.3487428423412352,55.0931053283643,0.9999893301738939
08-09,1033.0294714737822,0.9842050827858392,960.9610966934889,0.05256974216777923
08-10,1040.8112794306412,0.14820466536113788,3235.8805029296896,0.9821926932580575
08-11,308.0147644267707,0.03242468290216358,216.5996999397092,0.020329490582776402
08-12,116.76386221339001,0.07131444471225683,1924.6255121879324,0.28276663616491765
08-13,6.2871367495779635,0.001956421911609896,824.2030233214796,0.022801629890132773
08-14,139.48670660849106,0.17472329655958227,304.271264024622,0.4953324811383249
08-15,93.92244144569693,0.42365745369361146,2384.5801918233683,0.9519800045966815
08-16,85.26060014108582,0.99858123501223,2398.8483689073296,0.17934524091188103
08-17,389.91795822988996,0.0011321792186109684,389.5031970010638,0.3263072843610402
08-18,45.63342454405737,0.8187053774622002,2192.081132087091,0.12165383751775116
08-19,716.468207686188,0.053141558558112735,41.928497581812344,0.7506389437519867
08-20,90.92302010150722,0.4265214101246078,967.75821634679,0.042187933641867785
08-21,538.5008379438739,0.014225497642338112,991.2817860896391,0.5161125611889708
08-22,835.0945448585599,0.3746640046928332,1654.6704500826897,0.9957223520423607
08-23,316.13102547855016,0.3179551447509504,1110.2303914318845,0.32454650776701754
08-24,548.5270262275999,0.29681811943735276,908.8538103448539,0.2478714472670717
08-25,80.54232347763505,0.9760468298917659,2862.8813378229365,0.5643653551500324
08-26,701.2857463214182,0.8686542388436682,208.935096821415,0.8750693433596035
08-27,111.59120934316867,0.8761354132633347,29.06866854031017,0.9045518481168112
08-28,192.97729120629427,0.006069654427616556,295.31817770330554,0.8131833028367058
08-29,422.5063656719975,0.696271747924174,1177.963622905958,0.6561735516201824
08-30,66.01027715570322,0.037198982351969355,2884.744660498865,0.2867032238781031
08-31,68.67324384358193,0.31436565111418757,52.303681257390686,0.9779453492055973
09-01,17.993574804918374,0.05135600712725244,3060.3302186938226,0.678202226816647
09-02,1035.6183583253467,0.4537270078919128,1894.904314493977,0.5948466082108588
09-03,186.7745458404594,0.4255503769412661,225.4540683151712,0.03125279425012175
09-04,891.0664675199046,0.6907601704484321,454.4785214670494,0.020244090740793433
09-05,135.0932608332259,0.10725192445250877,1106.6312284020096,0.008319256481597837
09-06,1147.0899270309242,0.11478082157562572,660.9231507293825,0.5950353395818463
09-07,437.10718572223885,0.7159100877336313,4516.0958329472305,0.904317326422646
09-08,114.3131025741715,0.4005946920133487,153.16400329334067,0.8702414307195495
09-09,229.66731062762946,0.7948069216256476,309.611794764285,0.0024253495839886736
09-10,36.10906077819533,0.9926627798312605,57.120172148271145,0.21300693305333065
09-11,298.5432280862166,0.9194507958368381,1628.786933942005,0.610880286265731
09-12,370.4706334590759,0.2810112247725749,22.172677766658392,0.6360401353638356
09-13,228.41850007591324,0.7039213064946319,1282.8820484467517,0.11254765471278994
09-14,665.1875956903164,0.6693652028530341,2617.9162803399545,0.0021184901943413523
09-15,669.2005765786208,0.027465421567305717,0.6813679446049711,0.2630225615781631
09-16,12.146179421841131,0.9647157256682097,3082.391411320697,0.4426149229904717
09-17,242.4212152094354,0.898295078943864,68.24180161510667,0.9732138186920815
09-18,276.88851226438743,0.7851887881442279,1016.009260576309,0.5783924471952774
09-19,239.32165934657328,0.7365693117165757,911.8326846499803,0.4563153731742063
09-20,423.94996027918336,0.6621963488867112,89.57296228247601,0.8383347455122055
09-21,895.9709008752287,0.32909862566992176,3883.8012135775175,0.5174595063590156
09-22,199.86578137049412,0.9579285504440478,532.2922148854294,0.6290289247164447
09-23,863.2463560657717,0.4572218592812392,1093.1152341291959,0.6511349467840274
09-24,65.93383354877906,0.5587690258168109,3197.1098680416562,0.4933244392796036
09-25,367.66489983284987,0.9817967812717179,185.45830072694943,0.5896581985302098
09-26,674.7092185739612,0.026801204642943364,2228.4314919928893,0.019915124329619113
09-27,90.85814494755512,0.8681322071736258,2016.9178442424843,0.5324400192863354
09-28,804.5424081939284,0.2372165159571084,163.71464196160986,0.25082552207844466
09-29,56.562131977483716,0.043545554534272904,424.029661182498,0.9721603859955483
09-30,1490.1191277709752,0.8837271293726747,213.34210869677383,0.9322417969970527
10-01,565.5099944376964,0.925637197555836,1121.9926099677862,0.34331651269566754
10-02,560.6451890073578,0.5942557928312313,747.7522614807552,0.7430837658375945
10-03,542.7701581264979,0.045760638288769515,1069.8169824048405,0.09818930813159822
10-04,234.903001017741,0.3990703414246045,2714.7601113452392,0.834949342534794
10-05,1469.9071370091924,0.7433555194016425,932.056042764887,0.2018709684677132
10-06,240.7921459233196,0.3820718738064642,362.4882698666181,0.17918132487387967
10-07,59.61352669172154,0.7389906295485308,1427.4525053465675,0.36353380470475005
10-08,204.37683074899752,0.3986987377847596,579.3048388606734,0.4752754377525879
10-09,2206.481677092695,0.9683699272965579,2045.72319859021,0.9814473081720576
10-10,26.527874393132663,0.6224276493793928,263.0476907718211,0.23621275022826627
10-11,337.6934221489767,0.688408708522507,272.8900610797403,0.9858259968876992
10-12,1057.226933118938,0.8280345922093837,3650.7413984937994,0.022776261296065643
10-13,138.09724637321347,0.9745188485787629,349.02954459261304,0.7100917048751596
10-14,143.3145471768106,0.6678482619557989,347.4639052416023,0.6127713762685137
10-15,163.23647914795515,0.39900199982181306,697.9924618145335,0.16056893412920814
10-16,767.6363983097508,0.6998394116334201,165.4458702595633,0.009650736595715349
10-17,333.34954562404647,0.9129613732577481,962.7066150023828,0.20785582843682857
10-18,447.9714343007846,0.13568323128254223,348.7554625324936,0.9343829876327903
10-19,2186.8938313558974,0.223668369767189,29.167531604834863,0.9436391127885895
10-20,4479.829756928946,0.5110107484146214,1739.6708472342293,0.8599662318472653
10-21,120.63915546115157,0.31052404455466753,4765.691388728386,0.42047729130838185
10-22,186.54596682634323,0.9999959840147999,1964.1661589148719,0.2234083007352644
10-23,499.1362468605232,0.15667744985006793,3117.5023005599646,0.8187543242154767
10-24,518.1778213782358,0.37528787601151087,1985.1794002124695,0.5351259871984766
10-25,403.53816635092386,0.3065929440669585,2169.28750996036,0.4634298631560683
10-26,756.3651019643086,0.5986964431104811,2100.9649175767217,0.25527927532892336
10-27,262.37297897213205,0.9994382299355163,658.6062434801626,0.05412851512507416
10-28,274.4114991416074,0.033200633260545544,1250.0033799967919,0.10743602612037287
10-29,218.36260802499194,0.00785045428527594,621.1789356614522,0.9997169912516135
10-30,554.675543590741,0.42950791444077385,626.71905341688,0.334983238730451
10-31,135.11407365956967,0.8746292613859106,1030.7506599664166,0.9289302363768236
11-01,63.50952096651618,0.9763531212943836,555.374613628455,0.9763629181636493
11-02,584.6511296744487,0.20862791454270624,496.66549172064435,0.6017484144996498
11-03,76.11407244171147,0.3533246861764789,83.61154173923146,0.37427966164341087
11-04,1166.6329731511214,0.8697026194022172,1721.5856128303221,0.6773285620999102
11-05,109.2544651450682,0.07393245858227983,625.3013654985251,0.021018173266976508
11-06,209.5830404041885,0.6087099993961351,365.4560106949128,0.9976799552861016
11-07,115.1061731830955,0.06151241407867564,1656.5947339500622,0.017219736032168927
11-08,643.1987848061848,0.9864975765900903,109.78762706548015,0.9889589227942671
11-09,52.37423512007488,0.01722203872971259,2147.492984135474,0.5353127637212367
11-10,324.9028350954887,0.9996284813441054,3845.5735966630227,0.30129995319070196
11-11,2678.1224763316154,0.41660699046674343,193.8730617594527,0.9001833723774679
11-12,797.8758855549954,0.36335175663173247,4110.424861417499,0.9954075654377741
11-13,512.7772213269071,0.6052241906942268,1997.7484723411094,0.011176201995216645
11-14,93.21296456108344,0.46993838359311274,733.4284926213464,0.9877130020312287
11-15,360.4099051820118,0.9595128965529743,8.13934090321663,0.6922574365362322
11-16,165.0336643801497,0.3221533907732716,57.12410187796335,0.19963104789044492
11-17,453.43830235346456,0.06341081350375687,2513.8785301881226,0.5264672518606055
11-18,439.87890320582056,0.006933556582976258,2054.650212993966,0.00023427812938047875
11-19,35.24117471380256,0.29631436802419553,1692.9328141496674,0.03777083214919402
11-20,360.1070791294017,0.09118788215876701,2468.151206370389,0.910902286241009
11-21,591.2388804626942,0.9873739698942254,702.5476262724966,0.6487982077182771
11-22,87.91252988049469,0.5871833475745256,2247.427727735765,0.896367832191391
11-23,49.23309174831877,0.9876078010340343,768.758207410932,0.2201048914360026
11-24,343.70925986617266,0.7395382361821556,402.14284903532405,0.504890402554058
11-25,80.61815883549085,0.17619513602024886,542.589723595597,0.09935249061156144
11-26,414.9192506969556,0.022027292331235033,13118.867909952334,0.8013325414247136
11-27,355.39331377618515,0.43399679809747266,1.0532273102570506,0.4446237792270655
11-28,92.25743607971654,0.09401765141513194,5435.208582676086,0.03711071703065066
11-29,1057.0708935005387,0.9503426916586161,11577.581170071653,0.003911645724371314
11-30,201.29850560446368,0.0009031378756983595,10.06431344638908,0.8277805448529246
12-01,132.04324488547368,0.8706570750500384,385.4895938580749,0.6592009375032407
12-02,644.6533577293003,0.6174952093791484,1690.312960120148,0.97250501768535
12-03,22.281426707432093,0.07525403264530027,5068.347683298387,0.5465126951536553
12-04,5.9469417174817725,0.9794159620543742,1526.3748726829708,0.5000311520449505
12-05,2295.60800359067,0.9402497161365336,13229.40618459505,0.002512561734922717
12-06,2245.00911257141,0.15408298707470672,1730.0898109817902,0.17021983852770056
12-07,34.43941134342198,0.4386078509056125,704.9361480850505,0.03276257847890109
12-08,1573.072648233699,0.7057051318683093,2682.0885787132866,0.981254036501479
12-09,110.60423903405118,0.821340798593045,39.47279655534969,0.007723399491727264
12-10,288.9960622383624,0.2672997138227852,104.53371384246242,0.0658415950111514
12-11,163.94130926334822,0.07795252246537956,197.85738443266564,0.9449049741752957
12-12,201.29470961772347,0.4468104424730263,366.0978128555248,0.06246019574392209
12-13,764.411710222908,0.6439185248800577,868.4316865832063,0.9881360102874513
12-14,1353.1126107123075,0.2004938942454535,2465.1464252286014,0.1317341033900355
12-15,249.681572142273,0.15430613633124737,1368.1634989307252,0.35372369147448673
12-16,44.20937458486047,0.1539460837896446,1181.6365671376386,0.012597778114437906
12-17,1299.90641123004,0.08425433561018743,851.7357572976733,0.012829528908771117
12-18,43.6025391740939,0.5051586037394098,565.7205675058328,0.5795451390212506
12-19,630.8674223571517,0.9506971226308545,9187.319243255419,0.07174431836746477
12-20,922.83766876831,0.5369012789814439,14043.133322127162,0.4361449118830758
12-21,110.68434362927644,0.00786069310026201,12294.62620864507,0.6835948096047118
12-22,1161.7949900771496,0.003768192380308796,1601.7810497238318,0.9511629913022395
12-23,1348.4213431371145,0.28951541580215995,222.94526489780412,0.2638294994412918
12-24,4.353692737496521,0.43637194558226744,22.639034488873545,0.07210699339995977
12-25,329.3591461234895,0.7250397814125052,299.2582820539971,0.07106735528012546
12-26,119.84990531856201,0.2705449457114144,20755.44067075222,0.10957439872532189
12-27,47.42956311543262,0.0920852122557204,986.9494460183879,0.9920820395924348
12-28,44.866738497029765,0.9856014818893957,25.29346104034731,0.3355900296191958
12-29,275.5364164485307,0.15145340874579358,16084.535831424753,0.38616545050198003
12-30,210.10466505102627,0.5655267579382539,5402.625012171318,0.21615507229972683
12-31,431.06287249275647,0.07849504835818263,37.372016014645155,0.8775838802666424
